Unit_ID,Name,Race,Job,Feature,Speed,HP,Attack,Defence,Resistance,CritChance,CritDamage,Penetration,StunChance,ConfusionChance,DodgeChance,Skill_Id_0,Skill_Id_1,Skill_Id_2,Skill_Id_3
0,Farmer,Human,Farmer,Enemy,90~110,120~150,20~30,5,0,10,100,0,0,0,0,0,-,검사,-
1,Knight,Human,Knight,Enemy,90~110,120~150,20~30,5,0,10,100,0,0,0,0,0,-,검사,-
2,Magician,Human,Magician,Enemy,90~110,120~150,20~30,5,0,10,100,0,0,0,0,2,-,마법사,-
3,Vampire,Vampire,Magician,Random,90~110,120~150,20~30,5,0,10,100,0,0,0,0,2,뱀파이어,마법사,-
4,Beast,DemonBeast,SwordMan,Random,90~110,120~150,20~30,5,0,10,100,0,0,0,0,0,마수,검사,-
5,Ghost,Ghost,Archer,Random,90~110,120~150,20~30,5,0,10,100,0,0,0,0,1,유령,궁사,-
6,Vampire,Vampire,Magician,Random,90~110,120~150,20~30,5,0,10,100,0,0,0,0,2,뱀파이어,마법사,-
7,Beast,DemonBeast,SwordMan,Random,90~110,120~150,20~30,5,0,10,100,0,0,0,0,0,마수,검사,-
8,Ghost,Ghost,Archer,Random,90~110,120~150,20~30,5,0,10,100,0,0,0,0,1,유령,궁사,-
